{
  "cli": {
    "version": ">= 4.1.2"
  },
  "build": {
    "development": {
      "developmentClient": true,
      "distribution": "internal",
      "ios":{
        "resourceClass": "m1-medium",
        "simulator": true
      }
    },
    "preview": {
      "distribution": "internal",
      "ios":{
        "resourceClass": "m1-medium"
      },
      "android": {
        "buildType": "apk"
      }
    },
    "preview2": {
      "android": {
        "gradleCommand": ":app:assembleRelease"
      }
    },
    "preview3": {
      "developmentClient": true
    },
    "production": {
      "ios":{
        "resourceClass": "m1-medium"
      },
      "android":{
        "buildType": "apk"
      }
    }
  },
  "submit": {
    "production": {}
  }
}
